suite,id,category,repeat,expected,actual,expectedFirstError,actualFirstError,expectedLocalStatuses,actualLocalStatuses,latencyMs,callerLatencyMs,passed,timedOut,inputRejected,error
baseline,C01-OK,卷积,1,correct,correct,,,correct,correct,9.7415,9.9906,True,False,False,
baseline,C01-ERR,卷积,1,wrong,wrong,2,2,wrong,wrong,367.4505,367.635,True,False,False,
baseline,C02-OK,卷积,1,correct,correct,,,correct,correct,76.5222,77.1737,True,False,False,
baseline,C02-ERR,卷积,1,wrong,wrong,2,2,wrong,wrong,563.9208,564.1321,True,False,False,
baseline,C03-OK,卷积,1,correct,correct,,,correct,correct,37.8009,38.02,True,False,False,
baseline,C03-ERR,卷积,1,wrong,wrong,2,2,wrong,wrong,415.4511,415.6654,True,False,False,
baseline,C04-OK,卷积,1,correct,correct,,,correct,correct,21.2431,21.4864,True,False,False,
baseline,C04-ERR,卷积,1,wrong,wrong,2,2,wrong,wrong,126.5569,126.7875,True,False,False,
baseline,C05-OK,卷积,1,correct,correct,,,correct,correct,8.4628,8.6655,True,False,False,
baseline,C05-ERR,卷积,1,wrong,wrong,2,2,wrong,wrong,20.3123,20.5124,True,False,False,
baseline,C06-OK,卷积,1,correct,correct,,,correct,correct,34.022,34.2587,True,False,False,
baseline,C06-ERR,卷积,1,wrong,wrong,2,2,wrong,wrong,186.8158,187.0484,True,False,False,
baseline,C07-OK,卷积,1,correct,correct,,,correct,correct,3.5325,3.7207,True,False,False,
baseline,C07-ERR,卷积,1,wrong,wrong,2,2,wrong,wrong,38.2919,38.5941,True,False,False,
baseline,C08-OK,卷积,1,correct,correct,,,correct,correct,55.2337,56.3538,True,False,False,
baseline,C08-ERR,卷积,1,wrong,wrong,2,2,wrong,wrong,443.3156,443.5806,True,False,False,
baseline,C09-OK,卷积,1,correct,correct,,,correct,correct,42.1033,42.3821,True,False,False,
baseline,C09-ERR,卷积,1,wrong,wrong,2,2,wrong,wrong,151.5166,151.7615,True,False,False,
baseline,C10-OK,卷积,1,correct,correct,,,correct|correct,correct|correct,117.6801,117.941,True,False,False,
baseline,C10-ERR,卷积,1,wrong,wrong,2,2,wrong|correct,wrong|correct,283.4908,283.7165,True,False,False,
baseline,F01-OK,傅里叶,1,correct,correct,,,correct,correct,67.5078,67.7502,True,False,False,
baseline,F01-ERR,傅里叶,1,wrong,wrong,2,2,wrong,wrong,229.9829,230.3062,True,False,False,
baseline,F02-OK,傅里叶,1,correct,correct,,,correct,correct,75.8275,76.1071,True,False,False,
baseline,F02-ERR,傅里叶,1,wrong,wrong,2,2,wrong,wrong,234.9923,235.3495,True,False,False,
baseline,F03-OK,傅里叶,1,correct,correct,,,correct,correct,52.3942,52.6247,True,False,False,
baseline,F03-ERR,傅里叶,1,wrong,wrong,2,2,wrong,wrong,165.5738,165.8283,True,False,False,
baseline,F04-OK,傅里叶,1,correct,correct,,,correct,correct,37.2552,37.4581,True,False,False,
baseline,F04-ERR,傅里叶,1,wrong,wrong,2,2,wrong,wrong,96.7701,96.984,True,False,False,
baseline,F05-OK,傅里叶,1,correct,correct,,,correct,correct,18.7638,18.9964,True,False,False,
baseline,F05-ERR,傅里叶,1,wrong,wrong,2,2,wrong,wrong,116.0286,116.324,True,False,False,
baseline,F06-OK,傅里叶,1,correct,correct,,,correct,correct,28.8654,29.0911,True,False,False,
baseline,F06-ERR,傅里叶,1,wrong,wrong,2,2,wrong,wrong,79.8576,80.1027,True,False,False,
baseline,F07-OK,傅里叶,1,correct,correct,,,correct,correct,22.7308,22.9607,True,False,False,
baseline,F07-ERR,傅里叶,1,wrong,wrong,2,2,wrong,wrong,152.1331,152.3743,True,False,False,
baseline,F08-OK,傅里叶,1,correct,correct,,,correct,correct,19.0616,19.5007,True,False,False,
baseline,F08-ERR,傅里叶,1,wrong,wrong,2,2,wrong,wrong,219.8652,220.1097,True,False,False,
baseline,F09-OK,傅里叶,1,correct,correct,,,correct,correct,49.9816,51.21,True,False,False,
baseline,F09-ERR,傅里叶,1,wrong,wrong,2,2,wrong,wrong,231.2071,232.1413,True,False,False,
baseline,F10-OK,傅里叶,1,correct,correct,,,correct,correct,5.2242,5.4093,True,False,False,
baseline,F10-ERR,傅里叶,1,wrong,wrong,2,2,wrong,wrong,1.7505,1.8533,True,False,False,
baseline,F11-OK,傅里叶,1,correct,correct,,,correct,correct,179.0005,179.2284,True,False,False,
baseline,F11-ERR,傅里叶,1,wrong,wrong,2,2,wrong,wrong,140.1681,140.3938,True,False,False,
baseline,F12-OK,傅里叶,1,correct,correct,,,correct,correct,77.6032,78.0085,True,False,False,
baseline,F12-ERR,傅里叶,1,wrong,wrong,2,2,wrong,wrong,172.9174,173.1595,True,False,False,
baseline,F13-OK,傅里叶,1,correct,correct,,,correct,correct,100.6535,100.864,True,False,False,
baseline,F13-ERR,傅里叶,1,wrong,wrong,2,2,wrong,wrong,343.5204,343.7553,True,False,False,
baseline,F14-OK,傅里叶,1,correct,correct,,,correct|correct|correct,correct|correct|correct,131.8971,132.2354,True,False,False,
baseline,F14-ERR,傅里叶,1,wrong,wrong,4,4,correct|correct|wrong,correct|correct|wrong,255.3456,255.5942,True,False,False,
baseline,L01-OK,拉普拉斯,1,correct,correct,,,correct,correct,48.0096,48.2579,True,False,False,
baseline,L01-ERR,拉普拉斯,1,wrong,wrong,2,2,wrong,wrong,191.2676,191.521,True,False,False,
baseline,L02-OK,拉普拉斯,1,correct,correct,,,correct,correct,29.5171,29.7648,True,False,False,
baseline,L02-ERR,拉普拉斯,1,wrong,wrong,2,2,wrong,wrong,36.2951,36.5506,True,False,False,
baseline,L03-OK,拉普拉斯,1,correct,correct,,,correct,correct,42.3362,42.602,True,False,False,
baseline,L03-ERR,拉普拉斯,1,wrong,wrong,2,2,wrong,wrong,85.5089,85.8491,True,False,False,
baseline,L04-OK,拉普拉斯,1,correct,correct,,,correct,correct,26.3119,26.6397,True,False,False,
baseline,L04-ERR,拉普拉斯,1,wrong,wrong,2,2,wrong,wrong,92.3341,92.6334,True,False,False,
baseline,L05-OK,拉普拉斯,1,correct,correct,,,correct,correct,63.0831,63.3893,True,False,False,
baseline,L05-ERR,拉普拉斯,1,wrong,wrong,2,2,wrong,wrong,216.3324,216.5883,True,False,False,
baseline,L06-OK,拉普拉斯,1,correct,correct,,,correct,correct,119.764,120.1087,True,False,False,
baseline,L06-ERR,拉普拉斯,1,wrong,wrong,2,2,wrong,wrong,278.2639,278.5669,True,False,False,
baseline,L07-OK,拉普拉斯,1,correct,correct,,,correct,correct,24.5545,24.7536,True,False,False,
baseline,L07-ERR,拉普拉斯,1,wrong,wrong,2,2,wrong,wrong,224.021,224.2534,True,False,False,
baseline,L08-OK,拉普拉斯,1,correct,correct,,,correct,correct,40.1288,40.3649,True,False,False,
baseline,L08-ERR,拉普拉斯,1,wrong,wrong,2,2,wrong,wrong,108.4715,108.7135,True,False,False,
baseline,L09-OK,拉普拉斯,1,correct,correct,,,correct,correct,13.9737,14.2149,True,False,False,
baseline,L09-ERR,拉普拉斯,1,wrong,wrong,2,2,wrong,wrong,31.8221,32.0535,True,False,False,
baseline,L10-OK,拉普拉斯,1,correct,correct,,,correct,correct,71.683,71.9178,True,False,False,
baseline,L10-ERR,拉普拉斯,1,wrong,wrong,2,2,wrong,wrong,134.0696,134.2944,True,False,False,
baseline,L11-OK,拉普拉斯,1,correct,correct,,,correct,correct,16.91,17.2718,True,False,False,
baseline,L11-ERR,拉普拉斯,1,wrong,wrong,2,2,wrong,wrong,44.9521,45.1865,True,False,False,
baseline,L12-OK,拉普拉斯,1,correct,correct,,,correct,correct,34.0335,34.2737,True,False,False,
baseline,L12-ERR,拉普拉斯,1,wrong,wrong,2,2,wrong,wrong,79.8723,80.1216,True,False,False,
baseline,L13-OK,拉普拉斯,1,correct,correct,,,correct,correct,87.9626,88.1903,True,False,False,
baseline,L13-ERR,拉普拉斯,1,wrong,wrong,2,2,wrong,wrong,48.4548,48.6714,True,False,False,
baseline,L14-OK,拉普拉斯,1,correct,correct,,,correct|correct,correct|correct,95.1481,95.4018,True,False,False,
baseline,L14-ERR,拉普拉斯,1,wrong,wrong,3,3,correct|wrong,correct|wrong,116.5558,116.8261,True,False,False,
baseline,Z01-OK,Z变换,1,correct,correct,,,correct,correct,58.6937,58.9555,True,False,False,
baseline,Z01-ERR,Z变换,1,wrong,wrong,2,2,wrong,wrong,151.2447,151.5246,True,False,False,
baseline,Z02-OK,Z变换,1,correct,correct,,,correct,correct,38.892,39.1553,True,False,False,
baseline,Z02-ERR,Z变换,1,wrong,wrong,2,2,wrong,wrong,93.9779,94.3572,True,False,False,
baseline,Z03-OK,Z变换,1,correct,correct,,,correct,correct,20.1323,20.3777,True,False,False,
baseline,Z03-ERR,Z变换,1,wrong,wrong,2,2,wrong,wrong,77.1386,77.4074,True,False,False,
baseline,Z04-OK,Z变换,1,correct,correct,,,correct,correct,24.9764,25.2089,True,False,False,
baseline,Z04-ERR,Z变换,1,wrong,wrong,2,2,wrong,wrong,72.7721,73.0393,True,False,False,
baseline,Z05-OK,Z变换,1,correct,correct,,,correct,correct,25.1195,25.351,True,False,False,
baseline,Z05-ERR,Z变换,1,wrong,wrong,2,2,wrong,wrong,72.7788,73.0328,True,False,False,
baseline,Z06-OK,Z变换,1,correct,correct,,,correct,correct,23.0795,23.2893,True,False,False,
baseline,Z06-ERR,Z变换,1,wrong,wrong,2,2,wrong,wrong,126.0597,126.2671,True,False,False,
baseline,Z07-OK,Z变换,1,correct,correct,,,correct,correct,57.6263,58.096,True,False,False,
baseline,Z07-ERR,Z变换,1,wrong,wrong,2,2,wrong,wrong,73.6154,73.887,True,False,False,
baseline,Z08-OK,Z变换,1,correct,correct,,,correct,correct,4.7573,4.9767,True,False,False,
baseline,Z08-ERR,Z变换,1,wrong,wrong,2,2,wrong,wrong,14.8837,15.1098,True,False,False,
baseline,Z09-OK,Z变换,1,correct,correct,,,correct,correct,99.4268,99.6598,True,False,False,
baseline,Z09-ERR,Z变换,1,wrong,wrong,2,2,wrong,wrong,48.8403,49.0939,True,False,False,
baseline,Z10-OK,Z变换,1,correct,correct,,,correct,correct,110.8298,111.0667,True,False,False,
baseline,Z10-ERR,Z变换,1,wrong,wrong,2,2,wrong,wrong,138.8594,139.1199,True,False,False,
baseline,Z11-OK,Z变换,1,correct,correct,,,correct,correct,28.5497,28.8085,True,False,False,
baseline,Z11-ERR,Z变换,1,wrong,wrong,2,2,wrong,wrong,44.8815,45.1375,True,False,False,
baseline,Z12-OK,Z变换,1,correct,correct,,,correct|correct,correct|correct,40.5081,40.7885,True,False,False,
baseline,Z12-ERR,Z变换,1,wrong,wrong,3,3,correct|wrong,correct|wrong,116.4977,116.7413,True,False,False,
baseline,F07-ERR,傅里叶,2,wrong,wrong,2,2,wrong,wrong,196.2674,196.4742,True,False,False,
baseline,F08-OK,傅里叶,2,correct,correct,,,correct,correct,21.8648,22.0639,True,False,False,
baseline,F08-ERR,傅里叶,2,wrong,wrong,2,2,wrong,wrong,247.0954,247.3229,True,False,False,
baseline,F09-OK,傅里叶,2,correct,correct,,,correct,correct,61.3542,61.5987,True,False,False,
baseline,F09-ERR,傅里叶,2,wrong,wrong,2,2,wrong,wrong,238.462,238.6866,True,False,False,
baseline,F10-OK,傅里叶,2,correct,correct,,,correct,correct,4.4876,4.6596,True,False,False,
baseline,F10-ERR,傅里叶,2,wrong,wrong,2,2,wrong,wrong,4.4913,4.6688,True,False,False,
baseline,F11-OK,傅里叶,2,correct,correct,,,correct,correct,165.0321,165.2866,True,False,False,
baseline,F11-ERR,傅里叶,2,wrong,wrong,2,2,wrong,wrong,169.2659,169.5287,True,False,False,
baseline,F12-OK,傅里叶,2,correct,correct,,,correct,correct,83.032,83.2661,True,False,False,
baseline,F12-ERR,傅里叶,2,wrong,wrong,2,2,wrong,wrong,166.0788,166.3171,True,False,False,
baseline,F13-OK,傅里叶,2,correct,correct,,,correct,correct,97.3733,97.5684,True,False,False,
baseline,F13-ERR,傅里叶,2,wrong,wrong,2,2,wrong,wrong,326.4324,326.6871,True,False,False,
baseline,F14-OK,傅里叶,2,correct,correct,,,correct|correct|correct,correct|correct|correct,140.7635,141.0366,True,False,False,
baseline,F14-ERR,傅里叶,2,wrong,wrong,4,4,correct|correct|wrong,correct|correct|wrong,159.3605,159.6151,True,False,False,
baseline,L01-OK,拉普拉斯,2,correct,correct,,,correct,correct,46.474,46.6829,True,False,False,
baseline,L01-ERR,拉普拉斯,2,wrong,wrong,2,2,wrong,wrong,213.0664,213.2853,True,False,False,
baseline,L02-OK,拉普拉斯,2,correct,correct,,,correct,correct,24.5323,24.767,True,False,False,
baseline,L02-ERR,拉普拉斯,2,wrong,wrong,2,2,wrong,wrong,42.2329,42.7182,True,False,False,
baseline,L03-OK,拉普拉斯,2,correct,correct,,,correct,correct,45.6182,45.9285,True,False,False,
baseline,L03-ERR,拉普拉斯,2,wrong,wrong,2,2,wrong,wrong,59.5436,59.8126,True,False,False,
baseline,L04-OK,拉普拉斯,2,correct,correct,,,correct,correct,26.7488,26.9972,True,False,False,
baseline,L04-ERR,拉普拉斯,2,wrong,wrong,2,2,wrong,wrong,89.6424,89.8688,True,False,False,
baseline,L05-OK,拉普拉斯,2,correct,correct,,,correct,correct,44.0808,44.264,True,False,False,
baseline,L05-ERR,拉普拉斯,2,wrong,wrong,2,2,wrong,wrong,192.2934,194.7877,True,False,False,
baseline,L06-OK,拉普拉斯,2,correct,correct,,,correct,correct,78.2206,78.4549,True,False,False,
baseline,L06-ERR,拉普拉斯,2,wrong,wrong,2,2,wrong,wrong,282.1836,282.4281,True,False,False,
baseline,L07-OK,拉普拉斯,2,correct,correct,,,correct,correct,22.9839,23.2464,True,False,False,
baseline,L07-ERR,拉普拉斯,2,wrong,wrong,2,2,wrong,wrong,224.5797,224.8212,True,False,False,
baseline,L08-OK,拉普拉斯,2,correct,correct,,,correct,correct,23.2843,23.4774,True,False,False,
baseline,L08-ERR,拉普拉斯,2,wrong,wrong,2,2,wrong,wrong,107.6595,107.8459,True,False,False,
baseline,L09-OK,拉普拉斯,2,correct,correct,,,correct,correct,15.2006,15.3914,True,False,False,
baseline,L09-ERR,拉普拉斯,2,wrong,wrong,2,2,wrong,wrong,28.62,28.8101,True,False,False,
baseline,L10-OK,拉普拉斯,2,correct,correct,,,correct,correct,118.8955,119.0959,True,False,False,
baseline,L10-ERR,拉普拉斯,2,wrong,wrong,2,2,wrong,wrong,119.145,119.334,True,False,False,
baseline,L11-OK,拉普拉斯,2,correct,correct,,,correct,correct,19.0343,19.3115,True,False,False,
baseline,L11-ERR,拉普拉斯,2,wrong,wrong,2,2,wrong,wrong,31.7113,32.006,True,False,False,
baseline,L12-OK,拉普拉斯,2,correct,correct,,,correct,correct,32.0959,32.363,True,False,False,
baseline,L12-ERR,拉普拉斯,2,wrong,wrong,2,2,wrong,wrong,66.2741,66.5276,True,False,False,
baseline,L13-OK,拉普拉斯,2,correct,correct,,,correct,correct,76.412,76.6303,True,False,False,
baseline,L13-ERR,拉普拉斯,2,wrong,wrong,2,2,wrong,wrong,49.9416,50.2436,True,False,False,
baseline,L14-OK,拉普拉斯,2,correct,correct,,,correct|correct,correct|correct,82.7252,82.9408,True,False,False,
baseline,L14-ERR,拉普拉斯,2,wrong,wrong,3,3,correct|wrong,correct|wrong,112.3134,112.675,True,False,False,
baseline,Z01-OK,Z变换,2,correct,correct,,,correct,correct,58.0194,58.6958,True,False,False,
baseline,Z01-ERR,Z变换,2,wrong,wrong,2,2,wrong,wrong,132.768,133.0157,True,False,False,
baseline,Z02-OK,Z变换,2,correct,correct,,,correct,correct,45.147,45.3486,True,False,False,
baseline,Z02-ERR,Z变换,2,wrong,wrong,2,2,wrong,wrong,128.0736,128.3229,True,False,False,
baseline,Z03-OK,Z变换,2,correct,correct,,,correct,correct,18.9547,19.1988,True,False,False,
baseline,Z03-ERR,Z变换,2,wrong,wrong,2,2,wrong,wrong,112.8406,113.0856,True,False,False,
baseline,Z04-OK,Z变换,2,correct,correct,,,correct,correct,24.239,24.4287,True,False,False,
baseline,Z04-ERR,Z变换,2,wrong,wrong,2,2,wrong,wrong,66.5736,66.8228,True,False,False,
baseline,Z05-OK,Z变换,2,correct,correct,,,correct,correct,21.5082,21.7487,True,False,False,
baseline,Z05-ERR,Z变换,2,wrong,wrong,2,2,wrong,wrong,71.211,71.421,True,False,False,
baseline,Z06-OK,Z变换,2,correct,correct,,,correct,correct,17.3823,17.5636,True,False,False,
baseline,Z06-ERR,Z变换,2,wrong,wrong,2,2,wrong,wrong,111.841,112.0176,True,False,False,
baseline,Z07-OK,Z变换,2,correct,correct,,,correct,correct,9.1505,9.355,True,False,False,
baseline,Z07-ERR,Z变换,2,wrong,wrong,2,2,wrong,wrong,65.8716,66.1043,True,False,False,
baseline,Z08-OK,Z变换,2,correct,correct,,,correct,correct,4.6938,4.863,True,False,False,
baseline,Z08-ERR,Z变换,2,wrong,wrong,2,2,wrong,wrong,14.1975,14.5258,True,False,False,
baseline,Z09-OK,Z变换,2,correct,correct,,,correct,correct,99.7678,100.0346,True,False,False,
baseline,Z09-ERR,Z变换,2,wrong,wrong,2,2,wrong,wrong,79.2153,79.8395,True,False,False,
baseline,Z10-OK,Z变换,2,correct,correct,,,correct,correct,93.8915,94.1536,True,False,False,
baseline,Z10-ERR,Z变换,2,wrong,wrong,2,2,wrong,wrong,126.8004,127.0632,True,False,False,
baseline,Z11-OK,Z变换,2,correct,correct,,,correct,correct,27.7678,28.0413,True,False,False,
baseline,Z11-ERR,Z变换,2,wrong,wrong,2,2,wrong,wrong,53.5635,53.8346,True,False,False,
baseline,Z12-OK,Z变换,2,correct,correct,,,correct|correct,correct|correct,28.0156,28.2597,True,False,False,
baseline,Z12-ERR,Z变换,2,wrong,wrong,3,3,correct|wrong,correct|wrong,109.4764,109.7077,True,False,False,
baseline,C01-OK,卷积,2,correct,correct,,,correct,correct,13.6765,13.8942,True,False,False,
baseline,C01-ERR,卷积,2,wrong,wrong,2,2,wrong,wrong,340.8886,341.1034,True,False,False,
baseline,C02-OK,卷积,2,correct,correct,,,correct,correct,78.0022,78.2856,True,False,False,
baseline,C02-ERR,卷积,2,wrong,wrong,2,2,wrong,wrong,604.3976,604.6727,True,False,False,
baseline,C03-OK,卷积,2,correct,correct,,,correct,correct,45.3773,45.6526,True,False,False,
baseline,C03-ERR,卷积,2,wrong,wrong,2,2,wrong,wrong,416.6891,416.9318,True,False,False,
baseline,C04-OK,卷积,2,correct,correct,,,correct,correct,70.9253,71.1891,True,False,False,
baseline,C04-ERR,卷积,2,wrong,wrong,2,2,wrong,wrong,116.5214,116.7604,True,False,False,
baseline,C05-OK,卷积,2,correct,correct,,,correct,correct,6.9934,7.1649,True,False,False,
baseline,C05-ERR,卷积,2,wrong,wrong,2,2,wrong,wrong,18.0143,18.4733,True,False,False,
baseline,C06-OK,卷积,2,correct,correct,,,correct,correct,38.3008,38.8493,True,False,False,
baseline,C06-ERR,卷积,2,wrong,wrong,2,2,wrong,wrong,218.0112,218.2366,True,False,False,
baseline,C07-OK,卷积,2,correct,correct,,,correct,correct,1.2659,1.389,True,False,False,
baseline,C07-ERR,卷积,2,wrong,wrong,2,2,wrong,wrong,45.6664,45.8561,True,False,False,
baseline,C08-OK,卷积,2,correct,correct,,,correct,correct,61.648,61.8659,True,False,False,
baseline,C08-ERR,卷积,2,wrong,wrong,2,2,wrong,wrong,357.8282,358.0314,True,False,False,
baseline,C09-OK,卷积,2,correct,correct,,,correct,correct,39.3637,39.5552,True,False,False,
baseline,C09-ERR,卷积,2,wrong,wrong,2,2,wrong,wrong,169.8596,170.7813,True,False,False,
baseline,C10-OK,卷积,2,correct,correct,,,correct|correct,correct|correct,123.8254,124.0651,True,False,False,
baseline,C10-ERR,卷积,2,wrong,wrong,2,2,wrong|correct,wrong|correct,262.8294,263.0685,True,False,False,
baseline,F01-OK,傅里叶,2,correct,correct,,,correct,correct,63.6012,63.8054,True,False,False,
baseline,F01-ERR,傅里叶,2,wrong,wrong,2,2,wrong,wrong,205.7432,205.9244,True,False,False,
baseline,F02-OK,傅里叶,2,correct,correct,,,correct,correct,59.7236,59.9488,True,False,False,
baseline,F02-ERR,傅里叶,2,wrong,wrong,2,2,wrong,wrong,249.2253,249.4234,True,False,False,
baseline,F03-OK,傅里叶,2,correct,correct,,,correct,correct,44.773,44.9724,True,False,False,
baseline,F03-ERR,傅里叶,2,wrong,wrong,2,2,wrong,wrong,205.1504,205.3807,True,False,False,
baseline,F04-OK,傅里叶,2,correct,correct,,,correct,correct,41.2198,41.4384,True,False,False,
baseline,F04-ERR,傅里叶,2,wrong,wrong,2,2,wrong,wrong,126.3217,126.7795,True,False,False,
baseline,F05-OK,傅里叶,2,correct,correct,,,correct,correct,28.231,28.482,True,False,False,
baseline,F05-ERR,傅里叶,2,wrong,wrong,2,2,wrong,wrong,137.6577,137.8874,True,False,False,
baseline,F06-OK,傅里叶,2,correct,correct,,,correct,correct,29.7109,29.9953,True,False,False,
baseline,F06-ERR,傅里叶,2,wrong,wrong,2,2,wrong,wrong,104.8755,105.1232,True,False,False,
baseline,F07-OK,傅里叶,2,correct,correct,,,correct,correct,24.0504,24.6113,True,False,False,
baseline,L10-OK,拉普拉斯,3,correct,correct,,,correct,correct,103.1221,105.6257,True,False,False,
baseline,L10-ERR,拉普拉斯,3,wrong,wrong,2,2,wrong,wrong,121.7295,121.9542,True,False,False,
baseline,L11-OK,拉普拉斯,3,correct,correct,,,correct,correct,31.9881,32.2221,True,False,False,
baseline,L11-ERR,拉普拉斯,3,wrong,wrong,2,2,wrong,wrong,41.0018,41.2258,True,False,False,
baseline,L12-OK,拉普拉斯,3,correct,correct,,,correct,correct,39.7572,40.0873,True,False,False,
baseline,L12-ERR,拉普拉斯,3,wrong,wrong,2,2,wrong,wrong,97.2964,97.5553,True,False,False,
baseline,L13-OK,拉普拉斯,3,correct,correct,,,correct,correct,103.6766,103.9238,True,False,False,
baseline,L13-ERR,拉普拉斯,3,wrong,wrong,2,2,wrong,wrong,63.1934,63.4323,True,False,False,
baseline,L14-OK,拉普拉斯,3,correct,correct,,,correct|correct,correct|correct,113.1255,113.4249,True,False,False,
baseline,L14-ERR,拉普拉斯,3,wrong,wrong,3,3,correct|wrong,correct|wrong,149.9173,150.2775,True,False,False,
baseline,Z01-OK,Z变换,3,correct,correct,,,correct,correct,66.8285,67.0964,True,False,False,
baseline,Z01-ERR,Z变换,3,wrong,wrong,2,2,wrong,wrong,186.8639,187.1408,True,False,False,
baseline,Z02-OK,Z变换,3,correct,correct,,,correct,correct,52.6056,52.8908,True,False,False,
baseline,Z02-ERR,Z变换,3,wrong,wrong,2,2,wrong,wrong,177.8086,178.1531,True,False,False,
baseline,Z03-OK,Z变换,3,correct,correct,,,correct,correct,21.769,22.0254,True,False,False,
baseline,Z03-ERR,Z变换,3,wrong,wrong,2,2,wrong,wrong,92.9488,93.1609,True,False,False,
baseline,Z04-OK,Z变换,3,correct,correct,,,correct,correct,27.148,27.397,True,False,False,
baseline,Z04-ERR,Z变换,3,wrong,wrong,2,2,wrong,wrong,77.4205,77.6618,True,False,False,
baseline,Z05-OK,Z变换,3,correct,correct,,,correct,correct,31.8634,32.0861,True,False,False,
baseline,Z05-ERR,Z变换,3,wrong,wrong,2,2,wrong,wrong,90.9585,91.2678,True,False,False,
baseline,Z06-OK,Z变换,3,correct,correct,,,correct,correct,25.6352,25.8929,True,False,False,
baseline,Z06-ERR,Z变换,3,wrong,wrong,2,2,wrong,wrong,131.788,132.0341,True,False,False,
baseline,Z07-OK,Z变换,3,correct,correct,,,correct,correct,12.8301,13.0939,True,False,False,
baseline,Z07-ERR,Z变换,3,wrong,wrong,2,2,wrong,wrong,68.1637,68.3945,True,False,False,
baseline,Z08-OK,Z变换,3,correct,correct,,,correct,correct,7.0272,7.2341,True,False,False,
baseline,Z08-ERR,Z变换,3,wrong,wrong,2,2,wrong,wrong,20.7046,21.5136,True,False,False,
baseline,Z09-OK,Z变换,3,correct,correct,,,correct,correct,82.6934,83.8434,True,False,False,
baseline,Z09-ERR,Z变换,3,wrong,wrong,2,2,wrong,wrong,59.1726,59.4522,True,False,False,
baseline,Z10-OK,Z变换,3,correct,correct,,,correct,correct,116.1724,116.4153,True,False,False,
baseline,Z10-ERR,Z变换,3,wrong,wrong,2,2,wrong,wrong,156.3346,156.5537,True,False,False,
baseline,Z11-OK,Z变换,3,correct,correct,,,correct,correct,33.5232,33.8887,True,False,False,
baseline,Z11-ERR,Z变换,3,wrong,wrong,2,2,wrong,wrong,46.4761,46.7333,True,False,False,
baseline,Z12-OK,Z变换,3,correct,correct,,,correct|correct,correct|correct,30.6559,30.884,True,False,False,
baseline,Z12-ERR,Z变换,3,wrong,wrong,3,3,correct|wrong,correct|wrong,105.5972,105.8317,True,False,False,
baseline,C01-OK,卷积,3,correct,correct,,,correct,correct,10.2839,10.5166,True,False,False,
baseline,C01-ERR,卷积,3,wrong,wrong,2,2,wrong,wrong,347.7632,347.9961,True,False,False,
baseline,C02-OK,卷积,3,correct,correct,,,correct,correct,78.1563,78.3842,True,False,False,
baseline,C02-ERR,卷积,3,wrong,wrong,2,2,wrong,wrong,585.3861,585.6157,True,False,False,
baseline,C03-OK,卷积,3,correct,correct,,,correct,correct,43.3866,43.6307,True,False,False,
baseline,C03-ERR,卷积,3,wrong,wrong,2,2,wrong,wrong,391.7771,391.9851,True,False,False,
baseline,C04-OK,卷积,3,correct,correct,,,correct,correct,21.3699,21.5801,True,False,False,
baseline,C04-ERR,卷积,3,wrong,wrong,2,2,wrong,wrong,152.4826,152.6729,True,False,False,
baseline,C05-OK,卷积,3,correct,correct,,,correct,correct,6.8579,7.0397,True,False,False,
baseline,C05-ERR,卷积,3,wrong,wrong,2,2,wrong,wrong,16.6491,16.8583,True,False,False,
baseline,C06-OK,卷积,3,correct,correct,,,correct,correct,44.5187,44.747,True,False,False,
baseline,C06-ERR,卷积,3,wrong,wrong,2,2,wrong,wrong,192.3158,192.5711,True,False,False,
baseline,C07-OK,卷积,3,correct,correct,,,correct,correct,2.6451,2.9082,True,False,False,
baseline,C07-ERR,卷积,3,wrong,wrong,2,2,wrong,wrong,39.5192,39.7589,True,False,False,
baseline,C08-OK,卷积,3,correct,correct,,,correct,correct,67.9908,68.2175,True,False,False,
baseline,C08-ERR,卷积,3,wrong,wrong,2,2,wrong,wrong,368.4731,368.7396,True,False,False,
baseline,C09-OK,卷积,3,correct,correct,,,correct,correct,42.6931,42.9895,True,False,False,
baseline,C09-ERR,卷积,3,wrong,wrong,2,2,wrong,wrong,177.1725,177.4746,True,False,False,
baseline,C10-OK,卷积,3,correct,correct,,,correct|correct,correct|correct,178.8705,179.1293,True,False,False,
baseline,C10-ERR,卷积,3,wrong,wrong,2,2,wrong|correct,wrong|correct,276.3427,276.6262,True,False,False,
baseline,F01-OK,傅里叶,3,correct,correct,,,correct,correct,66.9873,67.2074,True,False,False,
baseline,F01-ERR,傅里叶,3,wrong,wrong,2,2,wrong,wrong,233.5571,233.8422,True,False,False,
baseline,F02-OK,傅里叶,3,correct,correct,,,correct,correct,60.5976,60.8683,True,False,False,
baseline,F02-ERR,傅里叶,3,wrong,wrong,2,2,wrong,wrong,256.4432,256.6818,True,False,False,
baseline,F03-OK,傅里叶,3,correct,correct,,,correct,correct,48.7159,49.144,True,False,False,
baseline,F03-ERR,傅里叶,3,wrong,wrong,2,2,wrong,wrong,184.8838,185.1532,True,False,False,
baseline,F04-OK,傅里叶,3,correct,correct,,,correct,correct,42.5272,42.8231,True,False,False,
baseline,F04-ERR,傅里叶,3,wrong,wrong,2,2,wrong,wrong,117.704,117.963,True,False,False,
baseline,F05-OK,傅里叶,3,correct,correct,,,correct,correct,19.2755,21.9015,True,False,False,
baseline,F05-ERR,傅里叶,3,wrong,wrong,2,2,wrong,wrong,137.1123,137.3658,True,False,False,
baseline,F06-OK,傅里叶,3,correct,correct,,,correct,correct,33.4881,33.7312,True,False,False,
baseline,F06-ERR,傅里叶,3,wrong,wrong,2,2,wrong,wrong,99.8081,100.0584,True,False,False,
baseline,F07-OK,傅里叶,3,correct,correct,,,correct,correct,24.8656,25.1944,True,False,False,
baseline,F07-ERR,傅里叶,3,wrong,wrong,2,2,wrong,wrong,172.2828,172.5726,True,False,False,
baseline,F08-OK,傅里叶,3,correct,correct,,,correct,correct,22.2054,22.4321,True,False,False,
baseline,F08-ERR,傅里叶,3,wrong,wrong,2,2,wrong,wrong,254.1213,254.4181,True,False,False,
baseline,F09-OK,傅里叶,3,correct,correct,,,correct,correct,56.6106,56.92,True,False,False,
baseline,F09-ERR,傅里叶,3,wrong,wrong,2,2,wrong,wrong,343.9706,344.2375,True,False,False,
baseline,F10-OK,傅里叶,3,correct,correct,,,correct,correct,5.6618,5.9276,True,False,False,
baseline,F10-ERR,傅里叶,3,wrong,wrong,2,2,wrong,wrong,1.4578,1.6502,True,False,False,
baseline,F11-OK,傅里叶,3,correct,correct,,,correct,correct,136.197,136.4624,True,False,False,
baseline,F11-ERR,傅里叶,3,wrong,wrong,2,2,wrong,wrong,138.0228,138.2381,True,False,False,
baseline,F12-OK,傅里叶,3,correct,correct,,,correct,correct,79.5047,79.7499,True,False,False,
baseline,F12-ERR,傅里叶,3,wrong,wrong,2,2,wrong,wrong,164.434,164.689,True,False,False,
baseline,F13-OK,傅里叶,3,correct,correct,,,correct,correct,88.2413,88.4447,True,False,False,
baseline,F13-ERR,傅里叶,3,wrong,wrong,2,2,wrong,wrong,303.4767,303.7612,True,False,False,
baseline,F14-OK,傅里叶,3,correct,correct,,,correct|correct|correct,correct|correct|correct,120.0341,120.2982,True,False,False,
baseline,F14-ERR,傅里叶,3,wrong,wrong,4,4,correct|correct|wrong,correct|correct|wrong,151.9002,152.1692,True,False,False,
baseline,L01-OK,拉普拉斯,3,correct,correct,,,correct,correct,47.4414,47.6469,True,False,False,
baseline,L01-ERR,拉普拉斯,3,wrong,wrong,2,2,wrong,wrong,229.0898,229.2822,True,False,False,
baseline,L02-OK,拉普拉斯,3,correct,correct,,,correct,correct,26.3926,26.6322,True,False,False,
baseline,L02-ERR,拉普拉斯,3,wrong,wrong,2,2,wrong,wrong,33.6785,33.8929,True,False,False,
baseline,L03-OK,拉普拉斯,3,correct,correct,,,correct,correct,42.685,42.8879,True,False,False,
baseline,L03-ERR,拉普拉斯,3,wrong,wrong,2,2,wrong,wrong,74.4437,74.8287,True,False,False,
baseline,L04-OK,拉普拉斯,3,correct,correct,,,correct,correct,22.8009,23.0978,True,False,False,
baseline,L04-ERR,拉普拉斯,3,wrong,wrong,2,2,wrong,wrong,90.1882,90.4443,True,False,False,
baseline,L05-OK,拉普拉斯,3,correct,correct,,,correct,correct,52.4223,52.9025,True,False,False,
baseline,L05-ERR,拉普拉斯,3,wrong,wrong,2,2,wrong,wrong,181.3468,181.6456,True,False,False,
baseline,L06-OK,拉普拉斯,3,correct,correct,,,correct,correct,194.5644,194.7792,True,False,False,
baseline,L06-ERR,拉普拉斯,3,wrong,wrong,2,2,wrong,wrong,267.0493,267.2761,True,False,False,
baseline,L07-OK,拉普拉斯,3,correct,correct,,,correct,correct,18.4926,18.6708,True,False,False,
baseline,L07-ERR,拉普拉斯,3,wrong,wrong,2,2,wrong,wrong,217.406,217.6154,True,False,False,
baseline,L08-OK,拉普拉斯,3,correct,correct,,,correct,correct,23.5684,24.3167,True,False,False,
baseline,L08-ERR,拉普拉斯,3,wrong,wrong,2,2,wrong,wrong,134.1906,134.55,True,False,False,
baseline,L09-OK,拉普拉斯,3,correct,correct,,,correct,correct,14.0166,14.252,True,False,False,
baseline,L09-ERR,拉普拉斯,3,wrong,wrong,2,2,wrong,wrong,28.6205,28.8572,True,False,False,
holdout,HC01,卷积,1,correct,correct,,,correct,correct,129.8939,130.2862,True,False,False,
holdout,HC02,卷积,1,correct,correct,,,correct|correct,correct|correct,46.7639,47.0109,True,False,False,
holdout,HC03,卷积,1,wrong,wrong,2,2,wrong|correct,wrong|correct,311.9158,312.1257,True,False,False,
holdout,HC04,卷积,1,wrong,wrong,2,2,wrong,wrong,351.2832,351.4996,True,False,False,
holdout,HC05,卷积,1,correct,correct,,,correct,correct,47.7818,48.0129,True,False,False,
holdout,HC06,卷积,1,unknown,unknown,,,unknown,unknown,52.2314,52.4565,True,False,False,
holdout,HC07,卷积,1,correct,correct,,,correct,correct,17.2168,17.4868,True,False,False,
holdout,HC08,卷积,1,unknown,unknown,,,unknown,unknown,8.6385,8.8646,True,False,False,
holdout,HF01,傅里叶,1,correct,correct,,,correct,correct,105.4561,105.7058,True,False,False,
holdout,HF02,傅里叶,1,correct,correct,,,correct,correct,198.4867,198.7046,True,False,False,
holdout,HF03,傅里叶,1,wrong,wrong,2,2,wrong,wrong,253.9995,254.2844,True,False,False,
holdout,HF04,傅里叶,1,wrong,wrong,3,3,correct|wrong,correct|wrong,108.5524,108.7936,True,False,False,
holdout,HF05,傅里叶,1,correct,correct,,,correct,correct,277.7865,277.987,True,False,False,
holdout,HF06,傅里叶,1,unknown,unknown,,,unknown,unknown,80.5495,81.0153,True,False,False,
holdout,HF07,傅里叶,1,correct,correct,,,correct|correct,correct|correct,114.8559,115.0938,True,False,False,
holdout,HF08,傅里叶,1,unknown,unknown,,,unknown,unknown,79.7072,80.0171,True,False,False,
holdout,HL01,拉普拉斯,1,correct,correct,,,correct|correct,correct|correct,72.5627,72.8477,True,False,False,
holdout,HL02,拉普拉斯,1,wrong,wrong,3,3,correct|wrong,correct|wrong,62.5741,62.8763,True,False,False,
holdout,HL03,拉普拉斯,1,unknown,unknown,,,unknown,unknown,79.0183,80.2862,True,False,False,
holdout,HL04,拉普拉斯,1,correct,correct,,,correct,correct,89.328,89.596,True,False,False,
holdout,HL05,拉普拉斯,1,incomplete,incomplete,,,incomplete,incomplete,93.2008,93.4324,True,False,False,
holdout,HL06,拉普拉斯,1,correct,correct,,,correct|correct,correct|correct,131.4116,131.6221,True,False,False,
holdout,HL07,拉普拉斯,1,unknown,unknown,,,unknown,unknown,24.3183,24.5263,True,False,False,
holdout,HL08,拉普拉斯,1,unknown,unknown,,,unknown,unknown,32.4432,32.6704,True,False,False,
holdout,HZ01,Z变换,1,correct,correct,,,correct,correct,84.2955,84.6875,True,False,False,
holdout,HZ02,Z变换,1,correct,correct,,,correct,correct,107.6021,107.8884,True,False,False,
holdout,HZ03,Z变换,1,incomplete,incomplete,,,incomplete,incomplete,86.7674,87.0163,True,False,False,
holdout,HZ04,Z变换,1,wrong,wrong,3,3,correct|wrong,correct|wrong,229.2226,229.7172,True,False,False,
holdout,HZ05,Z变换,1,correct,correct,,,correct,correct,39.8014,40.088,True,False,False,
holdout,HZ06,Z变换,1,correct,correct,,,correct|correct,correct|correct,194.1126,194.3295,True,False,False,
holdout,HZ07,Z变换,1,unknown,unknown,,,unknown,unknown,33.1017,33.2925,True,False,False,
holdout,HZ08,Z变换,1,wrong,wrong,2,2,wrong,wrong,88.3988,88.6597,True,False,False,
holdout,HF03,傅里叶,2,wrong,wrong,2,2,wrong,wrong,154.0863,154.2887,True,False,False,
holdout,HF04,傅里叶,2,wrong,wrong,3,3,correct|wrong,correct|wrong,73.4384,73.7147,True,False,False,
holdout,HF05,傅里叶,2,correct,correct,,,correct,correct,198.4419,198.7107,True,False,False,
holdout,HF06,傅里叶,2,unknown,unknown,,,unknown,unknown,70.9455,71.1838,True,False,False,
holdout,HF07,傅里叶,2,correct,correct,,,correct|correct,correct|correct,95.563,95.8132,True,False,False,
holdout,HF08,傅里叶,2,unknown,unknown,,,unknown,unknown,70.372,70.5796,True,False,False,
holdout,HL01,拉普拉斯,2,correct,correct,,,correct|correct,correct|correct,56.7665,56.9792,True,False,False,
holdout,HL02,拉普拉斯,2,wrong,wrong,3,3,correct|wrong,correct|wrong,56.0189,56.4019,True,False,False,
holdout,HL03,拉普拉斯,2,unknown,unknown,,,unknown,unknown,71.4581,71.7347,True,False,False,
holdout,HL04,拉普拉斯,2,correct,correct,,,correct,correct,67.5311,67.7706,True,False,False,
holdout,HL05,拉普拉斯,2,incomplete,incomplete,,,incomplete,incomplete,62.7709,62.9798,True,False,False,
holdout,HL06,拉普拉斯,2,correct,correct,,,correct|correct,correct|correct,124.1664,124.4711,True,False,False,
holdout,HL07,拉普拉斯,2,unknown,unknown,,,unknown,unknown,21.7287,22.6434,True,False,False,
holdout,HL08,拉普拉斯,2,unknown,unknown,,,unknown,unknown,38.2507,38.5541,True,False,False,
holdout,HZ01,Z变换,2,correct,correct,,,correct,correct,75.3394,75.5646,True,False,False,
holdout,HZ02,Z变换,2,correct,correct,,,correct,correct,101.9337,102.346,True,False,False,
holdout,HZ03,Z变换,2,incomplete,incomplete,,,incomplete,incomplete,81.7817,82.0173,True,False,False,
holdout,HZ04,Z变换,2,wrong,wrong,3,3,correct|wrong,correct|wrong,113.0704,113.3301,True,False,False,
holdout,HZ05,Z变换,2,correct,correct,,,correct,correct,21.0343,21.5509,True,False,False,
holdout,HZ06,Z变换,2,correct,correct,,,correct|correct,correct|correct,164.9377,165.1774,True,False,False,
holdout,HZ07,Z变换,2,unknown,unknown,,,unknown,unknown,23.2295,23.463,True,False,False,
holdout,HZ08,Z变换,2,wrong,wrong,2,2,wrong,wrong,96.9621,97.2065,True,False,False,
holdout,HC01,卷积,2,correct,correct,,,correct,correct,101.867,102.1448,True,False,False,
holdout,HC02,卷积,2,correct,correct,,,correct|correct,correct|correct,43.469,43.8202,True,False,False,
holdout,HC03,卷积,2,wrong,wrong,2,2,wrong|correct,wrong|correct,247.9631,248.2544,True,False,False,
holdout,HC04,卷积,2,wrong,wrong,2,2,wrong,wrong,340.7113,340.99,True,False,False,
holdout,HC05,卷积,2,correct,correct,,,correct,correct,46.4004,46.65,True,False,False,
holdout,HC06,卷积,2,unknown,unknown,,,unknown,unknown,53.734,54.0169,True,False,False,
holdout,HC07,卷积,2,correct,correct,,,correct,correct,15.4653,15.7247,True,False,False,
holdout,HC08,卷积,2,unknown,unknown,,,unknown,unknown,8.4363,8.6325,True,False,False,
holdout,HF01,傅里叶,2,correct,correct,,,correct,correct,85.2966,85.5346,True,False,False,
holdout,HF02,傅里叶,2,correct,correct,,,correct,correct,228.4431,228.7241,True,False,False,
holdout,HL05,拉普拉斯,3,incomplete,incomplete,,,incomplete,incomplete,73.797,74.0986,True,False,False,
holdout,HL06,拉普拉斯,3,correct,correct,,,correct|correct,correct|correct,113.2359,113.5225,True,False,False,
holdout,HL07,拉普拉斯,3,unknown,unknown,,,unknown,unknown,22.2012,22.4414,True,False,False,
holdout,HL08,拉普拉斯,3,unknown,unknown,,,unknown,unknown,34.7952,35.0217,True,False,False,
holdout,HZ01,Z变换,3,correct,correct,,,correct,correct,67.8969,68.1325,True,False,False,
holdout,HZ02,Z变换,3,correct,correct,,,correct,correct,90.8945,91.1328,True,False,False,
holdout,HZ03,Z变换,3,incomplete,incomplete,,,incomplete,incomplete,96.0579,96.4916,True,False,False,
holdout,HZ04,Z变换,3,wrong,wrong,3,3,correct|wrong,correct|wrong,87.9784,88.3419,True,False,False,
holdout,HZ05,Z变换,3,correct,correct,,,correct,correct,19.5944,19.8528,True,False,False,
holdout,HZ06,Z变换,3,correct,correct,,,correct|correct,correct|correct,162.8373,163.1012,True,False,False,
holdout,HZ07,Z变换,3,unknown,unknown,,,unknown,unknown,25.4068,25.6525,True,False,False,
holdout,HZ08,Z变换,3,wrong,wrong,2,2,wrong,wrong,70.4205,70.6547,True,False,False,
holdout,HC01,卷积,3,correct,correct,,,correct,correct,236.1281,236.3625,True,False,False,
holdout,HC02,卷积,3,correct,correct,,,correct|correct,correct|correct,37.3569,37.7475,True,False,False,
holdout,HC03,卷积,3,wrong,wrong,2,2,wrong|correct,wrong|correct,170.5274,170.8882,True,False,False,
holdout,HC04,卷积,3,wrong,wrong,2,2,wrong,wrong,285.5964,285.7917,True,False,False,
holdout,HC05,卷积,3,correct,correct,,,correct,correct,42.3265,42.536,True,False,False,
holdout,HC06,卷积,3,unknown,unknown,,,unknown,unknown,40.1114,40.3122,True,False,False,
holdout,HC07,卷积,3,correct,correct,,,correct,correct,14.1647,14.3985,True,False,False,
holdout,HC08,卷积,3,unknown,unknown,,,unknown,unknown,6.7059,6.9103,True,False,False,
holdout,HF01,傅里叶,3,correct,correct,,,correct,correct,75.8217,76.0501,True,False,False,
holdout,HF02,傅里叶,3,correct,correct,,,correct,correct,139.4396,139.8611,True,False,False,
holdout,HF03,傅里叶,3,wrong,wrong,2,2,wrong,wrong,148.4209,148.6485,True,False,False,
holdout,HF04,傅里叶,3,wrong,wrong,3,3,correct|wrong,correct|wrong,71.1909,71.3926,True,False,False,
holdout,HF05,傅里叶,3,correct,correct,,,correct,correct,206.2331,206.5003,True,False,False,
holdout,HF06,傅里叶,3,unknown,unknown,,,unknown,unknown,65.4406,65.6876,True,False,False,
holdout,HF07,傅里叶,3,correct,correct,,,correct|correct,correct|correct,92.158,92.4073,True,False,False,
holdout,HF08,傅里叶,3,unknown,unknown,,,unknown,unknown,70.5523,70.7908,True,False,False,
holdout,HL01,拉普拉斯,3,correct,correct,,,correct|correct,correct|correct,72.5597,72.8925,True,False,False,
holdout,HL02,拉普拉斯,3,wrong,wrong,3,3,correct|wrong,correct|wrong,54.2988,54.579,True,False,False,
holdout,HL03,拉普拉斯,3,unknown,unknown,,,unknown,unknown,63.9586,64.1748,True,False,False,
holdout,HL04,拉普拉斯,3,correct,correct,,,correct,correct,74.1366,74.5313,True,False,False,
